insert into paises (id_pais, nombre_pais) values (1, "Colombia");
insert into paises (id_pais, nombre_pais) values (2, "USA");
insert into paises (id_pais, nombre_pais) values (3, "Brazil");
insert into paises (id_pais, nombre_pais) values (4, "Alemania");
insert into paises (id_pais, nombre_pais) values (5, "Mexico");
insert into paises (id_pais, nombre_pais) values (6, "Canada");
insert into paises (id_pais, nombre_pais) values (7, "España");

insert into monedas (id_moneda, moneda, simbolo, valor_moneda ) values (1 , "Bitcoin", "BTC", 27933.3);
insert into monedas (id_moneda, moneda, simbolo, valor_moneda ) values (2 , "Ethereum", "ETH", 1865);
insert into monedas (id_moneda, moneda, simbolo, valor_moneda ) values (3 , "Tether", "USDT", 0.997);
insert into monedas (id_moneda, moneda, simbolo, valor_moneda ) values (4 , "BNB", "BNB", 311.30);
insert into monedas (id_moneda, moneda, simbolo, valor_moneda ) values (5 , "USD Coin", "USDC", 0.9993);
insert into monedas (id_moneda, moneda, simbolo, valor_moneda ) values (6 , "XRP", "XRP", 0.5103);
insert into monedas (id_moneda, moneda, simbolo, valor_moneda ) values (7 , "Cardano", "ADA", 0.3863);
insert into monedas (id_moneda, moneda, simbolo, valor_moneda ) values (8 , "Dogecoin", "DOGE", 0.0834);
insert into monedas (id_moneda, moneda, simbolo, valor_moneda ) values (9 , "Polygon", "MATIC", 1108);
insert into monedas (id_moneda, moneda, simbolo, valor_moneda ) values (10 , "Solana", "SOL", 20410);

insert into paises_monedas (pais_id, moneda_id) values (1, 1);
insert into paises_monedas (pais_id, moneda_id) values (1, 3);
insert into paises_monedas (pais_id, moneda_id) values (1, 8);
insert into paises_monedas (pais_id, moneda_id) values (2, 1);
insert into paises_monedas (pais_id, moneda_id) values (2, 2);
insert into paises_monedas (pais_id, moneda_id) values (2, 3);
insert into paises_monedas (pais_id, moneda_id) values (2, 4);
insert into paises_monedas (pais_id, moneda_id) values (2, 5);
insert into paises_monedas (pais_id, moneda_id) values (2, 6);
insert into paises_monedas (pais_id, moneda_id) values (2, 7);
insert into paises_monedas (pais_id, moneda_id) values (2, 8);
insert into paises_monedas (pais_id, moneda_id) values (2, 9);
insert into paises_monedas (pais_id, moneda_id) values (2, 10);
insert into paises_monedas (pais_id, moneda_id) values (3, 3);
insert into paises_monedas (pais_id, moneda_id) values (3, 4);
insert into paises_monedas (pais_id, moneda_id) values (3, 8);
insert into paises_monedas (pais_id, moneda_id) values (3, 9);
insert into paises_monedas (pais_id, moneda_id) values (4, 1);
insert into paises_monedas (pais_id, moneda_id) values (4, 3);
insert into paises_monedas (pais_id, moneda_id) values (4, 5);
insert into paises_monedas (pais_id, moneda_id) values (4, 7);
insert into paises_monedas (pais_id, moneda_id) values (4, 9);
insert into paises_monedas (pais_id, moneda_id) values (5, 1);
insert into paises_monedas (pais_id, moneda_id) values (5, 2);
insert into paises_monedas (pais_id, moneda_id) values (5, 3);
insert into paises_monedas (pais_id, moneda_id) values (5, 4);
insert into paises_monedas (pais_id, moneda_id) values (5, 5);
insert into paises_monedas (pais_id, moneda_id) values (6, 6);
insert into paises_monedas (pais_id, moneda_id) values (6, 7);
insert into paises_monedas (pais_id, moneda_id) values (6, 8);
insert into paises_monedas (pais_id, moneda_id) values (6, 9);
insert into paises_monedas (pais_id, moneda_id) values (6, 10);
insert into paises_monedas (pais_id, moneda_id) values (7, 2);
insert into paises_monedas (pais_id, moneda_id) values (7, 4);
insert into paises_monedas (pais_id, moneda_id) values (7, 6);
insert into paises_monedas (pais_id, moneda_id) values (7, 8);
insert into paises_monedas (pais_id, moneda_id) values (7, 10);